id,category,kind,field,old,new,reason,source
q4357,Världen,corrected,answer,BYR,BYN,Föråldrad/icke-ordinarie valutakod ersatt med aktuell huvudsaklig valutakod.,https://unicode.org/cldr/
q4562,Världen,corrected,answer,CLF,CLP,Föråldrad/icke-ordinarie valutakod ersatt med aktuell huvudsaklig valutakod.,https://unicode.org/cldr/
q4663,Världen,corrected,answer,HRK,EUR,Föråldrad/icke-ordinarie valutakod ersatt med aktuell huvudsaklig valutakod.,https://unicode.org/cldr/
q4673,Världen,corrected,answer,CUC,CUP,Föråldrad/icke-ordinarie valutakod ersatt med aktuell huvudsaklig valutakod.,https://unicode.org/cldr/
q4761,Världen,corrected,answer,SVC,USD,Föråldrad/icke-ordinarie valutakod ersatt med aktuell huvudsaklig valutakod.,https://unicode.org/cldr/
q5410,Världen,corrected,answer,MRO,MRU,Föråldrad/icke-ordinarie valutakod ersatt med aktuell huvudsaklig valutakod.,https://unicode.org/cldr/
q5845,Världen,corrected,answer,STD,STN,Föråldrad/icke-ordinarie valutakod ersatt med aktuell huvudsaklig valutakod.,https://unicode.org/cldr/
q5876,Världen,corrected,answer,rs,serbiska,Felaktig ISO-landskod användes som språk.,https://unicode.org/cldr/
q5891,Världen,corrected,answer,SLL,SLE,Föråldrad/icke-ordinarie valutakod ersatt med aktuell huvudsaklig valutakod.,https://unicode.org/cldr/
q6035,Världen,corrected,answer,CHE,CHF,Föråldrad/icke-ordinarie valutakod ersatt med aktuell huvudsaklig valutakod.,https://unicode.org/cldr/
q6221,Världen,corrected,answer,UYI,UYU,Föråldrad/icke-ordinarie valutakod ersatt med aktuell huvudsaklig valutakod.,https://unicode.org/cldr/
q6250,Världen,corrected,answer,VEF,VES,Föråldrad/icke-ordinarie valutakod ersatt med aktuell huvudsaklig valutakod.,https://unicode.org/cldr/
q6295,Världen,corrected,answer,ZMK,ZMW,Föråldrad/icke-ordinarie valutakod ersatt med aktuell huvudsaklig valutakod.,https://unicode.org/cldr/
q324,Onödigt vetande,corrected,question,Hur många armar har en vanlig bläckfisk?,Hur många armar har en åttaarmad bläckfisk (octopus)?,”Bläckfisk” är för brett; octopus har åtta armar.,
q11836,Sport,corrected,question,"Vilken sport har ett nät är 3,05 meter högt?","I vilken sport sitter korgens ring 3,05 meter över golvet?","3,05 m avser basketkorgens ringhöjd, inte ett nät som är 3,05 m högt.",https://www.fiba.basketball/documents
q12270,Sport,corrected,question,"Vilken av följande sport har ett nät är 3,05 meter högt?","I vilken sport sitter korgens ring 3,05 meter över golvet?","3,05 m avser basketkorgens ringhöjd, inte ett nät som är 3,05 m högt.",https://www.fiba.basketball/documents
q12271,Sport,corrected,question,"Vilken sport har ett nät är 3,05 meter högt?","I vilken sport sitter korgens ring 3,05 meter över golvet?","3,05 m avser basketkorgens ringhöjd, inte ett nät som är 3,05 m högt.",https://www.fiba.basketball/documents
q141151,Djur & natur,corrected,question+answer,Vilket havsdjur har åtta armar? => Bläckfisk,Vilken typ av bläckfisk har åtta armar? => Åttaarmad bläckfisk (octopus),Svenska ”bläckfisk” omfattar flera grupper; octopus är den åttaarmade gruppen.,
q141480,Onödigt vetande,corrected,question,Hur många armar har en vanlig bläckfisk?,Hur många armar har en åttaarmad bläckfisk (octopus)?,”Bläckfisk” är för brett; octopus har åtta armar.,
q141547,Onödigt vetande,corrected,question,Kunskapsfråga – hur många armar har en vanlig bläckfisk?,Kunskapsfråga – hur många armar har en åttaarmad bläckfisk (octopus)?,”Bläckfisk” är för brett; octopus har åtta armar.,
q141593,Sport,corrected,question,"Vilken sport har ett nät är 3,05 meter högt?","I vilken sport sitter korgens ring 3,05 meter över golvet?","3,05 m avser basketkorgens ringhöjd, inte ett nät som är 3,05 m högt.",https://www.fiba.basketball/documents
q144446,Djur & natur,corrected,question+answer,Vilket havsdjur har åtta armar? => Bläckfisk,Vilken typ av bläckfisk har åtta armar? => Åttaarmad bläckfisk (octopus),Svenska ”bläckfisk” omfattar flera grupper; octopus är den åttaarmade gruppen.,
q144646,Djur & natur,corrected,question+answer,Testa dina kunskaper: Vilket havsdjur har åtta armar? => Bläckfisk,Testa dina kunskaper: Vilken typ av bläckfisk har åtta armar? => Åttaarmad bläckfisk (octopus),Svenska ”bläckfisk” omfattar flera grupper; octopus är den åttaarmade gruppen.,
q144846,Djur & natur,corrected,question+answer,En fråga för den här kategorin: Vilket havsdjur har åtta armar? => Bläckfisk,En fråga för den här kategorin: Vilken typ av bläckfisk har åtta armar? => Åttaarmad bläckfisk (octopus),Svenska ”bläckfisk” omfattar flera grupper; octopus är den åttaarmade gruppen.,
q145046,Djur & natur,corrected,question+answer,Vilket havsdjur har åtta armar? => Bläckfisk,Vilken typ av bläckfisk har åtta armar? => Åttaarmad bläckfisk (octopus),Svenska ”bläckfisk” omfattar flera grupper; octopus är den åttaarmade gruppen.,
q149900,Onödigt vetande,corrected,question,Hur många armar har en vanlig bläckfisk?,Hur många armar har en åttaarmad bläckfisk (octopus)?,”Bläckfisk” är för brett; octopus har åtta armar.,
q150007,Onödigt vetande,corrected,question,Hur många armar har en vanlig bläckfisk?,Hur många armar har en åttaarmad bläckfisk (octopus)?,”Bläckfisk” är för brett; octopus har åtta armar.,
q150074,Onödigt vetande,corrected,question,Kunskapsfråga – hur många armar har en vanlig bläckfisk?,Kunskapsfråga – hur många armar har en åttaarmad bläckfisk (octopus)?,”Bläckfisk” är för brett; octopus har åtta armar.,
q150100,Onödigt vetande,corrected,question,Testa dina kunskaper: Hur många armar har en vanlig bläckfisk?,Testa dina kunskaper: Hur många armar har en åttaarmad bläckfisk (octopus)?,”Bläckfisk” är för brett; octopus har åtta armar.,
q150207,Onödigt vetande,corrected,question,Testa dina kunskaper: I en quiz: hur många armar har en vanlig bläckfisk?,Testa dina kunskaper: I en quiz: hur många armar har en åttaarmad bläckfisk (octopus)?,”Bläckfisk” är för brett; octopus har åtta armar.,
q150274,Onödigt vetande,corrected,question,Testa dina kunskaper: Kunskapsfråga – hur många armar har en vanlig bläckfisk?,Testa dina kunskaper: Kunskapsfråga – hur många armar har en åttaarmad bläckfisk (octopus)?,”Bläckfisk” är för brett; octopus har åtta armar.,
q150300,Onödigt vetande,corrected,question,En fråga för den här kategorin: Hur många armar har en vanlig bläckfisk?,En fråga för den här kategorin: Hur många armar har en åttaarmad bläckfisk (octopus)?,”Bläckfisk” är för brett; octopus har åtta armar.,
q150407,Onödigt vetande,corrected,question,En fråga för den här kategorin: I en quiz: hur många armar har en vanlig bläckfisk?,En fråga för den här kategorin: I en quiz: hur många armar har en åttaarmad bläckfisk (octopus)?,”Bläckfisk” är för brett; octopus har åtta armar.,
q150474,Onödigt vetande,corrected,question,En fråga för den här kategorin: Kunskapsfråga – hur många armar har en vanlig bläckfisk?,En fråga för den här kategorin: Kunskapsfråga – hur många armar har en åttaarmad bläckfisk (octopus)?,”Bläckfisk” är för brett; octopus har åtta armar.,
q150500,Onödigt vetande,corrected,question,Hur många armar har en vanlig bläckfisk?,Hur många armar har en åttaarmad bläckfisk (octopus)?,”Bläckfisk” är för brett; octopus har åtta armar.,
q150607,Onödigt vetande,corrected,question,Hur många armar har en vanlig bläckfisk?,Hur många armar har en åttaarmad bläckfisk (octopus)?,”Bläckfisk” är för brett; octopus har åtta armar.,
q150674,Onödigt vetande,corrected,question,Kunskapsfråga – hur många armar har en vanlig bläckfisk?,Kunskapsfråga – hur många armar har en åttaarmad bläckfisk (octopus)?,”Bläckfisk” är för brett; octopus har åtta armar.,
q151276,Sport,corrected,question,"Vilken sport har ett nät är 3,05 meter högt?","I vilken sport sitter korgens ring 3,05 meter över golvet?","3,05 m avser basketkorgens ringhöjd, inte ett nät som är 3,05 m högt.",https://www.fiba.basketball/documents
q151310,Sport,corrected,question,"Vilken av följande sport har ett nät är 3,05 meter högt?","I vilken sport sitter korgens ring 3,05 meter över golvet?","3,05 m avser basketkorgens ringhöjd, inte ett nät som är 3,05 m högt.",https://www.fiba.basketball/documents
q151311,Sport,corrected,question,"Vilken sport har ett nät är 3,05 meter högt?","I vilken sport sitter korgens ring 3,05 meter över golvet?","3,05 m avser basketkorgens ringhöjd, inte ett nät som är 3,05 m högt.",https://www.fiba.basketball/documents
q151387,Sport,corrected,question,"Vilken sport har ett nät är 3,05 meter högt?","I vilken sport sitter korgens ring 3,05 meter över golvet?","3,05 m avser basketkorgens ringhöjd, inte ett nät som är 3,05 m högt.",https://www.fiba.basketball/documents
q151476,Sport,corrected,question,"Testa dina kunskaper: Vilken sport har ett nät som är 3,05 meter högt?","Testa dina kunskaper: I vilken sport sitter korgens ring 3,05 meter över golvet?","3,05 m avser basketkorgens ringhöjd, inte ett nät som är 3,05 m högt.",https://www.fiba.basketball/documents
q151510,Sport,corrected,question,"Testa dina kunskaper: Vilken av följande sport har ett nät som är 3,05 meter högt?","Testa dina kunskaper: I vilken sport sitter korgens ring 3,05 meter över golvet?","3,05 m avser basketkorgens ringhöjd, inte ett nät som är 3,05 m högt.",https://www.fiba.basketball/documents
q151511,Sport,corrected,question,"Testa dina kunskaper: Kan du välja rätt alternativ: vilken sport har ett nät som är 3,05 meter högt?","Testa dina kunskaper: Kan du välja rätt alternativ: I vilken sport sitter korgens ring 3,05 meter över golvet?","3,05 m avser basketkorgens ringhöjd, inte ett nät som är 3,05 m högt.",https://www.fiba.basketball/documents
q151587,Sport,corrected,question,"Testa dina kunskaper: I en quiz: vilken sport har ett nät som är 3,05 meter högt?","Testa dina kunskaper: I en quiz: I vilken sport sitter korgens ring 3,05 meter över golvet?","3,05 m avser basketkorgens ringhöjd, inte ett nät som är 3,05 m högt.",https://www.fiba.basketball/documents
q151676,Sport,corrected,question,"En fråga för den här kategorin: Vilken sport har ett nät som är 3,05 meter högt?","En fråga för den här kategorin: I vilken sport sitter korgens ring 3,05 meter över golvet?","3,05 m avser basketkorgens ringhöjd, inte ett nät som är 3,05 m högt.",https://www.fiba.basketball/documents
q151710,Sport,corrected,question,"En fråga för den här kategorin: Vilken av följande sport har ett nät som är 3,05 meter högt?","En fråga för den här kategorin: I vilken sport sitter korgens ring 3,05 meter över golvet?","3,05 m avser basketkorgens ringhöjd, inte ett nät som är 3,05 m högt.",https://www.fiba.basketball/documents
q151711,Sport,corrected,question,"En fråga för den här kategorin: Kan du välja rätt alternativ: vilken sport har ett nät som är 3,05 meter högt?","En fråga för den här kategorin: Kan du välja rätt alternativ: I vilken sport sitter korgens ring 3,05 meter över golvet?","3,05 m avser basketkorgens ringhöjd, inte ett nät som är 3,05 m högt.",https://www.fiba.basketball/documents
q151787,Sport,corrected,question,"En fråga för den här kategorin: I en quiz: vilken sport har ett nät som är 3,05 meter högt?","En fråga för den här kategorin: I en quiz: I vilken sport sitter korgens ring 3,05 meter över golvet?","3,05 m avser basketkorgens ringhöjd, inte ett nät som är 3,05 m högt.",https://www.fiba.basketball/documents
q151876,Sport,corrected,question,"Vilken sport har ett nät är 3,05 meter högt?","I vilken sport sitter korgens ring 3,05 meter över golvet?","3,05 m avser basketkorgens ringhöjd, inte ett nät som är 3,05 m högt.",https://www.fiba.basketball/documents
q151910,Sport,corrected,question,"Vilken av följande sport har ett nät är 3,05 meter högt?","I vilken sport sitter korgens ring 3,05 meter över golvet?","3,05 m avser basketkorgens ringhöjd, inte ett nät som är 3,05 m högt.",https://www.fiba.basketball/documents
q151911,Sport,corrected,question,"Vilken sport har ett nät är 3,05 meter högt?","I vilken sport sitter korgens ring 3,05 meter över golvet?","3,05 m avser basketkorgens ringhöjd, inte ett nät som är 3,05 m högt.",https://www.fiba.basketball/documents
q151987,Sport,corrected,question,"Vilken sport har ett nät är 3,05 meter högt?","I vilken sport sitter korgens ring 3,05 meter över golvet?","3,05 m avser basketkorgens ringhöjd, inte ett nät som är 3,05 m högt.",https://www.fiba.basketball/documents
q174_musik_1,Musik,corrected,question+answer,Vilket år startade Grammy Awards enligt Recording Academys historik? => 1958,Vilket år hölls den första Grammygalan? => 1959,Första Grammyceremonin hölls 1959.,https://www.grammy.com/awards/1st-annual-grammy-awards/
q174_musik_2,Musik,corrected,question+answer,Ungefär hur många klassiska inspelningar finns i Grammy Hall of Fame? => Nästan 1 000,Hur många inspelningar omfattar Grammy Hall of Fame efter 2026 års inval? => 1 179,Recording Academy anger 1 179 invalda inspelningar efter 2026 års tillskott.,https://www.grammy.com/news/grammy-hall-of-fame-2026-inducted-recordings/
src-ccd0c44d6a07a6ba87,80/90/00-talet,corrected,question,"Vem regisserade ”Heat”, en film från 1996?","Vem regisserade ”Heat”, en film från 1995?",Premiäråret i frågans premiss motsade samma Wikidata-entitets premiärårsfråga.,http://www.wikidata.org/entity/Q42198
src-64bcb25a8e4170cf5f,80/90/00-talet,corrected,question,"Vem regisserade ”Iron Eagle II - stridsflygarna”, en film från 1989?","Vem regisserade ”Iron Eagle II - stridsflygarna”, en film från 1988?",Premiäråret i frågans premiss motsade samma Wikidata-entitets premiärårsfråga.,http://www.wikidata.org/entity/Q39960
src-663bb80afd8481713d,80/90/00-talet,corrected,question,"Vem regisserade ”Den inre kretsen”, en film från 1993?","Vem regisserade ”Den inre kretsen”, en film från 1992?",Premiäråret i frågans premiss motsade samma Wikidata-entitets premiärårsfråga.,http://www.wikidata.org/entity/Q40074
src-2a686069dbef79c27d,80/90/00-talet,corrected,question,"Vem regisserade ”Dazed and Confused”, en film från 1995?","Vem regisserade ”Dazed and Confused”, en film från 1993?",Premiäråret i frågans premiss motsade samma Wikidata-entitets premiärårsfråga.,http://www.wikidata.org/entity/Q39975
src-213c55bfb1d993238e,80/90/00-talet,corrected,question,"Vem regisserade ”Chasing Amy”, en film från 1998?","Vem regisserade ”Chasing Amy”, en film från 1997?",Premiäråret i frågans premiss motsade samma Wikidata-entitets premiärårsfråga.,http://www.wikidata.org/entity/Q40115
src-1908da4d41ae0afb75,80/90/00-talet,corrected,question,"Vem regisserade ”Dogma”, en film från 2000?","Vem regisserade ”Dogma”, en film från 1999?",Premiäråret i frågans premiss motsade samma Wikidata-entitets premiärårsfråga.,http://www.wikidata.org/entity/Q40187
src-f7e79742dc23c3ee98,80/90/00-talet,corrected,question,"Vem regisserade ”Min granne Totoro”, en film från 1990?","Vem regisserade ”Min granne Totoro”, en film från 1988?",Premiäråret i frågans premiss motsade samma Wikidata-entitets premiärårsfråga.,http://www.wikidata.org/entity/Q39571
src-97e3236241a41d487f,80/90/00-talet,corrected,question,"Vem regisserade ”Under Toscanas sol”, en film från 2004?","Vem regisserade ”Under Toscanas sol”, en film från 2003?",Premiäråret i frågans premiss motsade samma Wikidata-entitets premiärårsfråga.,http://www.wikidata.org/entity/Q41315
src-bce63a5d707573b491,80/90/00-talet,corrected,question,"Vem regisserade ”Aces: Iron Eagle III”, en film från 1992?","Vem regisserade ”Aces: Iron Eagle III”, en film från 1991?",Premiäråret i frågans premiss motsade samma Wikidata-entitets premiärårsfråga.,http://www.wikidata.org/entity/Q39969
src-c4b5b750fef403bd96,80/90/00-talet,corrected,question,"Vem regisserade ”V för Vendetta”, en film från 2006?","Vem regisserade ”V för Vendetta”, en film från 2005?",Premiäråret i frågans premiss motsade samma Wikidata-entitets premiärårsfråga.,http://www.wikidata.org/entity/Q5890
src-0b2fd0f00bd19c0e91,80/90/00-talet,corrected,question,"Vem regisserade ”Swept Away”, en film från 1982?","Vem regisserade ”Swept Away”, en film från 1974?",Premiäråret i frågans premiss motsade samma Wikidata-entitets premiärårsfråga.,http://www.wikidata.org/entity/Q1365
src-7136ddec14a808d8bf,80/90/00-talet,corrected,question,"Vem regisserade ”Swept Away”, en film från 1984?","Vem regisserade ”Swept Away”, en film från 1974?",Premiäråret i frågans premiss motsade samma Wikidata-entitets premiärårsfråga.,http://www.wikidata.org/entity/Q1365
src-1d85b2f0e504c54ea3,80/90/00-talet,corrected,question,"Vem regisserade ”Swept Away”, en film från 1991?","Vem regisserade ”Swept Away”, en film från 1974?",Premiäråret i frågans premiss motsade samma Wikidata-entitets premiärårsfråga.,http://www.wikidata.org/entity/Q1365
src-62598dd1b919f28ae6,80/90/00-talet,corrected,question,"Vem regisserade ”Swept Away”, en film från 2004?","Vem regisserade ”Swept Away”, en film från 1974?",Premiäråret i frågans premiss motsade samma Wikidata-entitets premiärårsfråga.,http://www.wikidata.org/entity/Q1365
src-8ba2b1ce92683c029e,80/90/00-talet,corrected,question,"Vem regisserade ”Scarface”, en film från 1984?","Vem regisserade ”Scarface”, en film från 1983?",Premiäråret i frågans premiss motsade samma Wikidata-entitets premiärårsfråga.,http://www.wikidata.org/entity/Q47075
src-f00ca5838611bcb112,80/90/00-talet,corrected,question,"Vem regisserade ”Månens favoriter”, en film från 1985?","Vem regisserade ”Månens favoriter”, en film från 1984?",Premiäråret i frågans premiss motsade samma Wikidata-entitets premiärårsfråga.,http://www.wikidata.org/entity/Q46533
src-95e54c623d43d8cf06,80/90/00-talet,corrected,question,"Vem regisserade ”Passionens labyrint”, en film från 1990?","Vem regisserade ”Passionens labyrint”, en film från 1982?",Premiäråret i frågans premiss motsade samma Wikidata-entitets premiärårsfråga.,http://www.wikidata.org/entity/Q46044
src-9639f073294d029382,80/90/00-talet,corrected,question,"Vem regisserade ”New York, I Love You”, en film från 2009?","Vem regisserade ”New York, I Love You”, en film från 2008?",Premiäråret i frågans premiss motsade samma Wikidata-entitets premiärårsfråga.,http://www.wikidata.org/entity/Q44935
src-93029eb61f97ba015e,80/90/00-talet,corrected,question,"Vem regisserade ”Moonwalker”, en film från 1989?","Vem regisserade ”Moonwalker”, en film från 1988?",Premiäråret i frågans premiss motsade samma Wikidata-entitets premiärårsfråga.,http://www.wikidata.org/entity/Q44396
src-51d8021f5daef1bc65,80/90/00-talet,corrected,question,"Vem regisserade ”Teenage Mutant Ninja Turtles”, en film från 1991?","Vem regisserade ”Teenage Mutant Ninja Turtles”, en film från 1990?",Premiäråret i frågans premiss motsade samma Wikidata-entitets premiärårsfråga.,http://www.wikidata.org/entity/Q58439
src-ce9e75cd5d204177fa,80/90/00-talet,corrected,question,"Vem regisserade ”Den långa resan”, en film från 1997?","Vem regisserade ”Den långa resan”, en film från 1996?",Premiäråret i frågans premiss motsade samma Wikidata-entitets premiärårsfråga.,http://www.wikidata.org/entity/Q49018
src-ce2db5f5806298c595,80/90/00-talet,corrected,question,"Vem regisserade ”Eraserhead”, en film från 1980?","Vem regisserade ”Eraserhead”, en film från 1977?",Premiäråret i frågans premiss motsade samma Wikidata-entitets premiärårsfråga.,http://www.wikidata.org/entity/Q11618
src-6419a94b2584ad1f3b,80/90/00-talet,corrected,question,"Vem regisserade ”Life or Something Like It”, en film från 2003?","Vem regisserade ”Life or Something Like It”, en film från 2002?",Premiäråret i frågans premiss motsade samma Wikidata-entitets premiärårsfråga.,http://www.wikidata.org/entity/Q29871
src-d20c01d7e972d09447,80/90/00-talet,corrected,question,"Vem regisserade ”101 dalmatiner”, en film från 1997?","Vem regisserade ”101 dalmatiner”, en film från 1996?",Premiäråret i frågans premiss motsade samma Wikidata-entitets premiärårsfråga.,http://www.wikidata.org/entity/Q8594
src-99d68e4c5dfd288eb9,80/90/00-talet,corrected,question,"Vem regisserade ”Hackers”, en film från 1996?","Vem regisserade ”Hackers”, en film från 1995?",Premiäråret i frågans premiss motsade samma Wikidata-entitets premiärårsfråga.,http://www.wikidata.org/entity/Q13908
src-597fa0dd2d07959fd0,80/90/00-talet,corrected,question,"Vem regisserade ”Hackers”, en film från 1998?","Vem regisserade ”Hackers”, en film från 1995?",Premiäråret i frågans premiss motsade samma Wikidata-entitets premiärårsfråga.,http://www.wikidata.org/entity/Q13908
src-d11f21f7662e7eb6a7,80/90/00-talet,corrected,question,"Vem regisserade ”Frida”, en film från 2003?","Vem regisserade ”Frida”, en film från 2002?",Premiäråret i frågans premiss motsade samma Wikidata-entitets premiärårsfråga.,http://www.wikidata.org/entity/Q35738
src-1e465c044d44369733,80/90/00-talet,corrected,question,"Vem regisserade ”Stranger”, en film från 2004?","Vem regisserade ”Stranger”, en film från 2006?",Premiäråret i frågans premiss motsade samma Wikidata-entitets premiärårsfråga.,http://www.wikidata.org/entity/Q34499
src-3e15b73b0d3d12fe15,80/90/00-talet,corrected,question,"Vem regisserade ”Mr. Billion”, en film från 1980?","Vem regisserade ”Mr. Billion”, en film från 1977?",Premiäråret i frågans premiss motsade samma Wikidata-entitets premiärårsfråga.,http://www.wikidata.org/entity/Q250628
src-bf9e6fb7985956a561,80/90/00-talet,corrected,question,"Vem regisserade ”Mr. Billion”, en film från 1981?","Vem regisserade ”Mr. Billion”, en film från 1977?",Premiäråret i frågans premiss motsade samma Wikidata-entitets premiärårsfråga.,http://www.wikidata.org/entity/Q250628
src-be3be8f2a00d82aeb9,80/90/00-talet,corrected,question,"Vem regisserade ”Resan till Jordens medelpunkt”, en film från 2009?","Vem regisserade ”Resan till Jordens medelpunkt”, en film från 2008?",Premiäråret i frågans premiss motsade samma Wikidata-entitets premiärårsfråga.,http://www.wikidata.org/entity/Q250770
src-55b28cb376980dd1c7,80/90/00-talet,corrected,question,"Vem regisserade ”Älskade”, en film från 1999?","Vem regisserade ”Älskade”, en film från 1998?",Premiäråret i frågans premiss motsade samma Wikidata-entitets premiärårsfråga.,http://www.wikidata.org/entity/Q250954
src-ae1a86620b0cab8c7a,80/90/00-talet,corrected,question,"Vem regisserade ”Moskva tror inte på tårar”, en film från 1982?","Vem regisserade ”Moskva tror inte på tårar”, en film från 1980?",Premiäråret i frågans premiss motsade samma Wikidata-entitets premiärårsfråga.,http://www.wikidata.org/entity/Q53105
src-b68ad1748da9c6bb57,80/90/00-talet,corrected,question,"Vem regisserade ”Eldorado”, en film från 1989?","Vem regisserade ”Eldorado”, en film från 1988?",Premiäråret i frågans premiss motsade samma Wikidata-entitets premiärårsfråga.,http://www.wikidata.org/entity/Q51121
src-23be056b7911c89e9c,80/90/00-talet,corrected,question,"Vem regisserade ”Wolfhound”, en film från 2007?","Vem regisserade ”Wolfhound”, en film från 2006?",Premiäråret i frågans premiss motsade samma Wikidata-entitets premiärårsfråga.,http://www.wikidata.org/entity/Q33189
src-0e137925483887dfdb,80/90/00-talet,corrected,question,"Vem regisserade ”Fönstret åt gården”, en film från 1995?","Vem regisserade ”Fönstret åt gården”, en film från 1954?",Premiäråret i frågans premiss motsade samma Wikidata-entitets premiärårsfråga.,http://www.wikidata.org/entity/Q34414
src-70792c1381a05d8824,80/90/00-talet,corrected,question,"Vem regisserade ”Wheels on Meals”, en film från 1985?","Vem regisserade ”Wheels on Meals”, en film från 1984?",Premiäråret i frågans premiss motsade samma Wikidata-entitets premiärårsfråga.,http://www.wikidata.org/entity/Q60792
src-3b527c17aac1832da3,80/90/00-talet,corrected,question,"Vem regisserade ”Ubåten”, en film från 1982?","Vem regisserade ”Ubåten”, en film från 1981?",Premiäråret i frågans premiss motsade samma Wikidata-entitets premiärårsfråga.,http://www.wikidata.org/entity/Q62730
src-f090f704424708a2a1,80/90/00-talet,corrected,question,"Vem regisserade ”Tidvattnets furste”, en film från 1992?","Vem regisserade ”Tidvattnets furste”, en film från 1991?",Premiäråret i frågans premiss motsade samma Wikidata-entitets premiärårsfråga.,http://www.wikidata.org/entity/Q63009
src-956977d65896818d80,80/90/00-talet,corrected,question,"Vem regisserade ”Den engelske patienten”, en film från 1997?","Vem regisserade ”Den engelske patienten”, en film från 1996?",Premiäråret i frågans premiss motsade samma Wikidata-entitets premiärårsfråga.,http://www.wikidata.org/entity/Q63026
src-b0a35a52380c4a44ff,80/90/00-talet,corrected,question,"Vem regisserade ”Gorgeous”, en film från 2001?","Vem regisserade ”Gorgeous”, en film från 1999?",Premiäråret i frågans premiss motsade samma Wikidata-entitets premiärårsfråga.,http://www.wikidata.org/entity/Q60794
src-cc8fff5fe07c133091,80/90/00-talet,corrected,question,"Vem regisserade ”Red Road”, en film från 2008?","Vem regisserade ”Red Road”, en film från 2006?",Premiäråret i frågans premiss motsade samma Wikidata-entitets premiärårsfråga.,http://www.wikidata.org/entity/Q63366
src-bfb2696f1b8fdbdd99,80/90/00-talet,corrected,question,"Vem regisserade ”Never Say Never Mind: The Swedish Bikini Team”, en film från 2003?","Vem regisserade ”Never Say Never Mind: The Swedish Bikini Team”, en film från 2001?",Premiäråret i frågans premiss motsade samma Wikidata-entitets premiärårsfråga.,http://www.wikidata.org/entity/Q71847
src-a75fa8cd57719631c1,80/90/00-talet,corrected,question,"Vem regisserade ”Tillsammans med dig”, en film från 2003?","Vem regisserade ”Tillsammans med dig”, en film från 2002?",Premiäråret i frågans premiss motsade samma Wikidata-entitets premiärårsfråga.,http://www.wikidata.org/entity/Q71978
src-e37bd54c3dab0d32d2,80/90/00-talet,corrected,question,"Vem regisserade ”De vilda gässen”, en film från 1981?","Vem regisserade ”De vilda gässen”, en film från 1978?",Premiäråret i frågans premiss motsade samma Wikidata-entitets premiärårsfråga.,http://www.wikidata.org/entity/Q64211
src-05d49918359578aa8d,80/90/00-talet,corrected,question,"Vem regisserade ”Coronado”, en film från 2004?","Vem regisserade ”Coronado”, en film från 2003?",Premiäråret i frågans premiss motsade samma Wikidata-entitets premiärårsfråga.,http://www.wikidata.org/entity/Q71785
src-422951eda414f46469,80/90/00-talet,corrected,question,"Vem regisserade ”En liten film om konsten att döda”, en film från 1989?","Vem regisserade ”En liten film om konsten att döda”, en film från 1988?",Premiäråret i frågans premiss motsade samma Wikidata-entitets premiärårsfråga.,http://www.wikidata.org/entity/Q72325
src-a711fafeaf529f4811,80/90/00-talet,corrected,question,"Vem regisserade ”Tillsammans med dig”, en film från 2004?","Vem regisserade ”Tillsammans med dig”, en film från 2002?",Premiäråret i frågans premiss motsade samma Wikidata-entitets premiärårsfråga.,http://www.wikidata.org/entity/Q71978
src-4d2dfec8f08407d75d,80/90/00-talet,corrected,question,"Vem regisserade ”Tillsammans med dig”, en film från 2005?","Vem regisserade ”Tillsammans med dig”, en film från 2002?",Premiäråret i frågans premiss motsade samma Wikidata-entitets premiärårsfråga.,http://www.wikidata.org/entity/Q71978
src-ab26a8441948f7e51e,80/90/00-talet,corrected,question,"Vem regisserade ”Fiendeland: En dag utan krig”, en film från 2006?","Vem regisserade ”Fiendeland: En dag utan krig”, en film från 2005?",Premiäråret i frågans premiss motsade samma Wikidata-entitets premiärårsfråga.,http://www.wikidata.org/entity/Q72090
src-d7fa6587ecbc7f4117,80/90/00-talet,corrected,question,"Vem regisserade ”Sängfösaren”, en film från 2001?","Vem regisserade ”Sängfösaren”, en film från 2000?",Premiäråret i frågans premiss motsade samma Wikidata-entitets premiärårsfråga.,http://www.wikidata.org/entity/Q72321
src-2295b34f41b1f719e3,80/90/00-talet,corrected,question,"Vem regisserade ”One Swallow Brought Spring”, en film från 2002?","Vem regisserade ”One Swallow Brought Spring”, en film från 2001?",Premiäråret i frågans premiss motsade samma Wikidata-entitets premiärårsfråga.,http://www.wikidata.org/entity/Q72273
src-388e0f6dff06c6171e,80/90/00-talet,corrected,question,"Vem regisserade ”They Live”, en film från 1989?","Vem regisserade ”They Live”, en film från 1988?",Premiäråret i frågans premiss motsade samma Wikidata-entitets premiärårsfråga.,http://www.wikidata.org/entity/Q72909
src-8f5099200af8e926b9,80/90/00-talet,corrected,question,"Vem regisserade ”Double Jeopardy”, en film från 2000?","Vem regisserade ”Double Jeopardy”, en film från 1999?",Premiäråret i frågans premiss motsade samma Wikidata-entitets premiärårsfråga.,http://www.wikidata.org/entity/Q73651
src-c4dc22f2f7fb450fa5,80/90/00-talet,corrected,question,"Vem regisserade ”Ondskans hus”, en film från 1992?","Vem regisserade ”Ondskans hus”, en film från 1991?",Premiäråret i frågans premiss motsade samma Wikidata-entitets premiärårsfråga.,http://www.wikidata.org/entity/Q27338
src-3d2656f482db672ece,80/90/00-talet,corrected,question,"Vem regisserade ”Scream”, en film från 1997?","Vem regisserade ”Scream”, en film från 1996?",Premiäråret i frågans premiss motsade samma Wikidata-entitets premiärårsfråga.,http://www.wikidata.org/entity/Q27411
src-91d011f531af208fda,80/90/00-talet,corrected,question,"Vem regisserade ”Sista draget”, en film från 1993?","Vem regisserade ”Sista draget”, en film från 1992?",Premiäråret i frågans premiss motsade samma Wikidata-entitets premiärårsfråga.,http://www.wikidata.org/entity/Q26391
src-981e22ced957854fc3,80/90/00-talet,corrected,question,"Vem regisserade ”The Hills Have Eyes Part II”, en film från 1985?","Vem regisserade ”The Hills Have Eyes Part II”, en film från 1984?",Premiäråret i frågans premiss motsade samma Wikidata-entitets premiärårsfråga.,http://www.wikidata.org/entity/Q27536
src-2a844968b625770e3e,80/90/00-talet,corrected,question,"Vem regisserade ”The Broken Hearts Club: A Romantic Comedy”, en film från 2001?","Vem regisserade ”The Broken Hearts Club: A Romantic Comedy”, en film från 2000?",Premiäråret i frågans premiss motsade samma Wikidata-entitets premiärårsfråga.,http://www.wikidata.org/entity/Q29697
src-dfc3a109891e05d65c,80/90/00-talet,corrected,question,"Vem regisserade ”Brazil”, en film från 1986?","Vem regisserade ”Brazil”, en film från 1985?",Premiäråret i frågans premiss motsade samma Wikidata-entitets premiärårsfråga.,http://www.wikidata.org/entity/Q25057
src-edb9cf310c9fcfda72,80/90/00-talet,corrected,question,"Vem regisserade ”Jaded”, en film från 1998?","Vem regisserade ”Jaded”, en film från 1997?",Premiäråret i frågans premiss motsade samma Wikidata-entitets premiärårsfråga.,http://www.wikidata.org/entity/Q24618
src-f21e788719644339eb,80/90/00-talet,corrected,question,"Vem regisserade ”Jaded”, en film från 2000?","Vem regisserade ”Jaded”, en film från 1997?",Premiäråret i frågans premiss motsade samma Wikidata-entitets premiärårsfråga.,http://www.wikidata.org/entity/Q24618
src-d4cf69fd81088966c7,80/90/00-talet,corrected,question,"Vem regisserade ”De fyras gäng”, en film från 1990?","Vem regisserade ”De fyras gäng”, en film från 1989?",Premiäråret i frågans premiss motsade samma Wikidata-entitets premiärårsfråga.,http://www.wikidata.org/entity/Q25468
src-884f6d034dc424e1b3,80/90/00-talet,corrected,question,"Vem regisserade ”Ett herrans liv”, en film från 1980?","Vem regisserade ”Ett herrans liv”, en film från 1979?",Premiäråret i frågans premiss motsade samma Wikidata-entitets premiärårsfråga.,http://www.wikidata.org/entity/Q24953
src-6e3317687c4bda51d1,80/90/00-talet,corrected,question,"Vem regisserade ”American Beauty”, en film från 2000?","Vem regisserade ”American Beauty”, en film från 1999?",Premiäråret i frågans premiss motsade samma Wikidata-entitets premiärårsfråga.,http://www.wikidata.org/entity/Q25139
src-080da1e5af97dfb274,80/90/00-talet,corrected,question,"Vem regisserade ”Onegin”, en film från 2000?","Vem regisserade ”Onegin”, en film från 1999?",Premiäråret i frågans premiss motsade samma Wikidata-entitets premiärårsfråga.,http://www.wikidata.org/entity/Q50969
src-9f395551da1073c12e,80/90/00-talet,corrected,question,"Vem regisserade ”Den gyllene blommans förbannelse”, en film från 2007?","Vem regisserade ”Den gyllene blommans förbannelse”, en film från 2006?",Premiäråret i frågans premiss motsade samma Wikidata-entitets premiärårsfråga.,http://www.wikidata.org/entity/Q51737
src-ecd95ced3315eac7e0,80/90/00-talet,corrected,question,"Vem regisserade ”Satantango”, en film från 2008?","Vem regisserade ”Satantango”, en film från 1994?",Premiäråret i frågans premiss motsade samma Wikidata-entitets premiärårsfråga.,http://www.wikidata.org/entity/Q53481
src-92aa740cf080177122,80/90/00-talet,corrected,question,"Vem regisserade ”Släng dig i väggen, Fred!”, en film från 1992?","Vem regisserade ”Släng dig i väggen, Fred!”, en film från 1991?",Premiäråret i frågans premiss motsade samma Wikidata-entitets premiärårsfråga.,http://www.wikidata.org/entity/Q53703
src-2024e6ed8f6c8543bf,80/90/00-talet,corrected,question,"Vem regisserade ”Uppdrag sex”, en film från 1985?","Vem regisserade ”Uppdrag sex”, en film från 1984?",Premiäråret i frågans premiss motsade samma Wikidata-entitets premiärårsfråga.,http://www.wikidata.org/entity/Q54966
